<beans xmlns="http://www.springframework.org/schema/beans"
	xmlns:xsi="http://www.w3.org/2001/XMLSchema-instance"
	xmlns:context="http://www.springframework.org/schema/context"
	xsi:schemaLocation="http://www.springframework.org/schema/beans
    http://www.springframework.org/schema/beans/spring-beans-3.0.xsd
    http://www.springframework.org/schema/context
    http://www.springframework.org/schema/context/spring-context-3.0.xsd">
    <bean class="hashmi.bone.spring.Employee" id="emp" autowire="byName">
  <property name="eid" value="123"></property>
     <property name="ename" value="Phani"></property>
      <property name="sal" value="123456"></property>
      <!--   <property name="address" ref="add"></property>-->
 
    
    </bean>
    <bean class="hashmi.bone.spring.Address" id="address">
      <property name="hno" value="1200"></property>
     <property name="colony" value="Sbi"></property>
      <property name="city" value="Hyd"></property>
      
    
    </bean>
     <!--   <constructor-arg name="eid" value="123"></constructor-arg>
     <constructor-arg name="ename" value="Phani"></constructor-arg>
      <constructor-arg name="add" value="Hyd"></constructor-arg>
       <constructor-arg name="sal" value="123456"></constructor-arg>--> 
    
    </beans>